ID,Predict Number,Target Number
1,22,22
2,5,5
3,10,10
4,19,19
5,16,16
6,8,8
7,4,4
8,12,12
9,16,16
10,1,19
11,3,3
12,1,19
13,13,13
14,14,14
15,3,14
16,16,16
17,5,5
18,3,3
19,25,3
20,4,4
21,22,22
22,1,24
23,18,18
24,11,11
25,22,22
26,6,18
27,24,24
28,17,17
29,19,19
30,20,20
31,1,1
32,17,17
33,14,14
34,14,14
35,18,18
36,20,18
37,12,12
38,18,18
39,6,6
40,14,14
41,4,4
42,17,17
43,12,12
44,4,4
45,4,4
46,6,6
47,13,23
48,10,10
49,4,4
50,6,6
51,2,2
52,23,23
53,25,25
54,14,14
55,7,7
56,18,18
57,5,5
58,16,16
59,24,24
60,16,16
61,14,14
62,8,8
63,15,15
64,8,8
65,20,20
66,24,24
67,7,7
68,24,24
69,20,18
70,17,17
71,23,23
72,20,20
73,22,22
74,12,12
75,13,13
76,24,24
77,24,24
78,23,23
79,24,24
80,4,4
81,19,19
82,15,15
83,22,22
84,11,11
85,11,11
86,15,15
87,24,24
88,23,23
89,24,24
90,1,1
91,18,18
92,25,25
93,18,18
94,18,18
95,20,11
96,7,16
97,9,9
98,18,18
99,15,15
100,7,7
101,18,11
102,15,15
103,4,4
104,9,21
105,14,14
106,4,4
107,18,3
108,6,6
109,23,23
110,4,4
111,13,10
112,6,6
113,8,8
114,15,15
115,9,9
116,8,6
117,22,22
118,24,24
119,23,23
120,7,7
121,12,12
122,25,5
123,19,17
124,16,16
125,19,19
126,24,24
127,9,9
128,22,22
129,21,21
130,11,11
131,16,16
132,4,4
133,2,2
134,13,13
135,23,23
136,25,3
137,24,24
138,16,16
139,2,2
140,3,3
141,8,8
142,17,17
143,25,18
144,1,1
145,24,24
146,11,11
147,9,9
148,2,2
149,7,7
150,14,14
151,16,16
152,4,25
153,9,9
154,14,14
155,13,13
156,11,14
157,14,14
158,20,20
159,4,4
160,20,20
161,9,9
162,2,7
163,10,10
164,8,8
165,2,2
166,13,13
167,7,7
168,9,13
169,17,17
170,13,13
171,2,5
172,17,17
173,4,4
174,20,20
175,3,2
176,19,19
177,3,3
178,12,12
179,8,8
180,14,14
181,2,2
182,8,8
183,1,17
184,19,19
185,4,4
186,2,2
187,18,18
188,14,3
189,4,4
190,13,13
191,1,1
192,11,11
193,18,11
194,6,6
195,3,23
196,14,3
197,15,15
198,18,18
199,14,23
200,3,22
201,9,4
202,6,6
203,20,20
204,18,7
205,22,22
206,18,25
207,18,18
208,17,17
209,10,10
210,25,25
211,2,2
212,20,20
213,21,21
214,21,19
215,8,8
216,9,9
217,16,16
218,17,17
219,22,22
220,7,7
221,24,24
222,4,4
223,15,15
224,10,7
225,21,21
226,4,4
227,18,18
228,11,11
229,11,11
230,12,12
231,24,24
232,20,7
233,20,18
234,6,3
235,6,6
236,2,2
237,23,23
238,17,17
239,19,19
240,9,21
241,12,12
242,18,5
243,16,16
244,7,7
245,13,13
246,23,23
247,16,16
248,13,13
249,2,2
250,10,10
251,3,9
252,20,18
253,21,21
254,18,3
255,4,4
256,8,8
257,23,23
258,15,14
259,15,15
260,13,7
261,25,25
262,18,18
263,21,21
264,23,23
265,20,20
266,24,24
267,24,24
268,17,17
269,10,15
270,18,18
271,11,11
272,8,8
273,3,14
274,16,16
275,12,12
276,7,7
277,15,15
278,24,24
279,18,18
280,1,1
281,9,21
282,25,14
283,14,4
284,15,7
285,17,17
286,3,3
287,25,25
288,16,16
289,10,10
290,9,2
291,4,4
292,7,7
293,6,6
294,18,18
295,25,25
296,21,21
297,23,3
298,9,9
299,23,23
300,22,22
301,4,4
302,16,16
303,10,10
304,11,11
305,1,1
306,12,3
307,9,9
308,24,24
309,4,4
310,22,22
311,6,6
312,6,11
313,2,2
314,17,17
315,5,5
316,21,21
317,10,10
318,2,2
319,15,15
320,18,18
321,11,9
322,16,16
323,3,3
324,7,7
325,18,18
326,4,4
327,21,21
328,20,20
329,21,21
330,7,7
331,23,23
332,25,25
333,18,18
334,7,7
335,11,11
336,19,19
337,25,25
338,6,6
339,2,2
340,3,3
341,25,25
342,18,11
343,14,14
344,18,18
345,1,1
346,14,14
347,25,25
348,7,7
349,13,13
350,6,6
351,4,4
352,21,21
353,8,8
354,20,21
355,17,17
356,14,14
357,19,19
358,1,1
359,16,16
360,19,19
361,1,1
362,12,12
363,24,24
364,6,6
365,22,22
366,25,25
367,2,2
368,5,5
369,18,18
370,6,6
371,11,18
372,14,14
373,15,15
374,11,11
375,5,5
376,6,3
377,1,1
378,4,4
379,1,1
380,18,18
381,13,13
382,17,17
383,25,25
384,23,23
385,6,6
386,9,21
387,25,25
388,1,24
389,13,13
390,12,12
391,16,16
392,10,10
393,19,19
394,8,8
395,25,25
396,4,4
397,15,15
398,20,18
399,25,25
400,20,20
401,8,8
402,21,21
403,9,13
404,19,19
405,23,23
406,18,17
407,7,3
408,4,4
409,6,6
410,12,12
411,2,2
412,13,13
413,23,23
414,15,15
415,21,21
416,9,2
417,18,1
418,11,11
419,2,2
420,11,14
421,10,10
422,5,8
423,25,25
424,15,15
425,18,16
426,25,20
427,18,18
428,12,6
429,16,20
430,19,19
431,11,14
432,19,19
433,14,14
434,19,19
435,19,1
436,22,22
437,23,3
438,11,5
439,18,18
440,11,11
441,8,8
442,13,13
443,6,6
444,2,2
445,20,20
446,15,15
447,12,12
448,1,1
449,18,18
450,24,24
451,21,21
452,6,6
453,25,24
454,5,5
455,14,14
456,22,22
457,3,5
458,23,23
459,5,5
460,20,20
461,6,6
462,9,22
463,8,8
464,2,2
465,4,4
466,8,8
467,17,21
468,13,13
469,6,6
470,25,14
471,15,15
472,25,11
473,2,2
474,3,3
475,18,16
476,11,11
477,8,8
478,23,23
479,13,13
480,22,22
481,25,22
482,10,10
483,18,16
484,17,17
485,5,5
486,8,8
487,25,25
488,2,7
489,10,10
490,11,20
491,5,5
492,18,18
493,6,6
494,2,2
495,5,5
496,20,20
497,12,12
498,3,3
499,21,21
500,3,3
501,23,13
502,17,17
503,19,19
504,2,2
505,21,21
506,5,8
507,18,16
508,22,22
509,24,24
510,7,7
511,13,13
512,9,9
513,8,8
514,24,24
515,15,15
516,20,20
517,24,24
518,1,1
519,8,8
520,19,19
521,7,7
522,14,14
523,11,11
524,14,3
525,18,18
526,2,2
527,9,14
528,24,24
529,24,24
530,11,11
531,23,23
532,17,17
533,20,20
534,20,11
535,18,11
536,16,16
537,3,5
538,4,4
539,2,2
540,9,1
541,10,10
542,2,2
543,16,16
544,13,13
545,7,7
546,1,1
547,19,19
548,11,11
549,20,10
550,10,10
551,10,10
552,2,13
553,12,12
554,13,13
555,24,24
556,3,3
557,22,22
558,10,10
559,5,14
560,9,10
561,2,2
562,4,6
563,5,5
564,23,23
565,1,1
566,21,21
567,13,13
568,4,8
569,11,11
570,14,14
571,24,24
572,11,11
573,5,14
574,25,11
575,2,13
576,5,25
577,20,20
578,1,1
579,14,14
580,9,13
581,21,17
582,2,2
583,22,22
584,22,22
585,4,4
586,23,23
587,3,7
588,25,25
589,6,6
590,17,17
591,10,10
592,4,4
593,6,2
594,13,13
595,25,3
596,8,22
597,24,24
598,2,10
599,12,12
600,20,20
601,6,18
602,12,12
603,3,3
604,1,1
605,11,25
606,7,7
607,12,12
608,6,6
609,9,6
610,9,14
611,3,18
612,9,9
613,6,6
614,19,19
615,19,19
616,1,1
617,7,7
618,2,2
619,24,24
620,3,7
621,9,9
622,9,9
623,1,5
624,15,15
625,23,23
626,23,23
627,10,10
628,14,14
629,13,13
630,22,22
631,1,1
632,16,21
633,19,19
634,6,6
635,22,22
636,8,8
637,17,17
638,1,1
639,10,10
640,22,22
641,5,23
642,24,24
643,9,9
644,13,13
645,20,20
646,3,4
647,14,14
648,13,13
649,4,4
650,17,17
651,9,10
652,15,13
653,4,4
654,20,20
655,19,19
656,4,4
657,12,14
658,8,8
659,7,7
660,25,25
661,7,7
662,13,13
663,15,15
664,2,2
665,17,17
666,22,22
667,18,18
668,5,5
669,6,6
670,7,14
671,7,7
672,9,9
673,15,15
674,24,24
675,18,18
676,22,13
677,3,6
678,4,13
679,22,22
680,19,19
681,11,1
682,11,11
683,22,22
684,14,14
685,14,25
686,25,25
687,19,19
688,10,10
689,19,19
690,22,22
691,17,17
692,5,5
693,25,25
694,25,25
695,13,13
696,11,11
697,9,13
698,10,10
699,13,13
700,5,5
701,22,22
702,22,22
703,17,17
704,8,8
705,2,2
706,24,24
707,9,9
708,23,23
709,3,3
710,12,12
711,25,25
712,11,11
713,25,25
714,17,17
715,4,4
716,4,4
717,16,16
718,6,6
719,20,9
720,24,24
721,3,6
722,15,15
723,9,14
724,7,7
725,13,13
726,24,24
727,9,9
728,7,7
729,9,9
730,25,25
731,15,15
732,2,12
733,14,10
734,22,22
735,21,21
736,22,22
737,8,8
738,9,9
739,15,15
740,16,16
741,25,25
742,1,1
743,7,7
744,9,9
745,10,10
746,11,10
747,18,25
748,6,6
749,13,13
750,6,6
751,22,22
752,13,13
753,7,7
754,19,19
755,5,5
756,12,12
757,12,19
758,18,18
759,16,16
760,23,23
761,11,11
762,2,2
763,8,8
764,6,6
765,1,1
766,23,23
767,12,12
768,20,3
769,2,2
770,24,24
771,17,17
772,16,16
773,13,13
774,21,21
775,4,4
776,22,22
777,18,3
778,8,8
779,6,6
780,7,7
781,7,7
782,25,25
783,12,12
784,1,1
785,11,11
786,1,1
787,10,10
788,6,6
789,6,3
790,9,13
791,12,12
792,2,2
793,16,16
794,18,18
795,19,19
796,1,1
797,9,9
798,10,10
799,1,1
800,12,12
801,13,13
802,9,23
803,18,10
804,4,4
805,4,4
806,9,9
807,20,20
808,20,20
809,24,24
810,21,21
811,5,17
812,2,2
813,21,21
814,1,1
815,4,4
816,21,21
817,3,10
818,2,7
819,22,22
820,17,24
821,18,18
822,15,15
823,12,12
824,25,11
825,14,19
826,18,20
827,17,17
828,23,23
829,9,11
830,17,17
831,14,14
832,14,14
833,12,12
834,24,24
835,14,14
836,8,8
837,17,17
838,19,19
839,9,9
840,18,18
841,6,6
842,14,18
843,3,3
844,3,14
845,20,25
846,12,12
847,17,17
848,18,18
849,25,25
850,8,8
851,15,15
852,17,17
853,8,8
854,25,25
855,3,18
856,9,9
857,10,10
858,3,3
859,14,14
860,10,10
861,16,16
862,1,24
863,20,20
864,3,3
865,24,24
866,8,8
867,1,1
868,18,18
869,9,10
870,2,16
871,6,6
872,1,1
873,10,10
874,5,5
875,9,14
876,10,10
877,8,8
878,6,6
879,10,10
880,4,4
881,13,13
882,7,7
883,18,10
884,25,25
885,15,15
886,9,9
887,2,2
888,22,23
889,10,10
890,11,11
891,2,23
892,15,15
893,4,5
894,6,25
895,17,24
896,8,8
897,5,5
898,4,4
899,21,4
900,24,24
901,23,23
902,3,11
903,18,19
904,9,9
905,22,22
906,24,24
907,3,3
908,11,19
909,6,6
910,1,1
911,10,10
912,11,25
913,7,7
914,9,9
915,7,7
916,6,6
917,8,8
918,5,18
919,22,22
920,17,17
921,20,20
922,4,4
923,3,3
924,15,17
925,24,24
926,14,3
927,6,6
928,21,20
929,12,12
930,14,14
931,20,20
932,15,15
933,19,19
934,8,8
935,11,11
936,22,22
937,2,2
938,22,22
939,5,5
940,11,11
941,19,19
942,7,7
943,6,6
944,6,2
945,13,13
946,11,11
947,24,24
948,20,21
949,18,18
950,16,16
951,18,18
952,2,2
953,13,13
954,11,11
955,17,17
956,7,24
957,14,14
958,5,15
959,24,24
960,18,3
961,11,18
962,13,13
963,21,21
964,18,3
965,11,11
966,24,24
967,11,11
968,23,23
969,20,20
970,19,19
971,10,10
972,22,22
973,22,22
974,1,1
975,4,4
976,19,1
977,25,25
978,4,5
979,5,5
980,19,19
981,15,15
982,15,1
983,5,5
984,6,6
985,3,3
986,10,10
987,9,2
988,24,24
989,9,10
990,21,21
991,12,12
992,11,11
993,24,24
994,25,25
995,6,6
996,13,23
997,22,22
998,20,20
999,9,9
1000,25,14
1001,23,23
1002,3,18
1003,4,4
1004,9,7
1005,25,25
1006,23,23
1007,25,12
1008,12,12
1009,4,4
1010,16,16
1011,8,8
1012,15,15
1013,4,4
1014,24,24
1015,22,22
1016,20,20
1017,4,4
1018,25,10
1019,16,16
1020,3,10
1021,5,7
1022,22,22
1023,13,13
1024,24,24
1025,15,15
1026,25,5
1027,10,10
1028,3,3
1029,20,20
1030,23,23
1031,20,20
1032,15,15
1033,18,18
1034,4,4
1035,9,9
1036,1,1
1037,6,6
1038,3,3
1039,11,5
1040,19,19
1041,7,7
1042,23,23
1043,2,2
1044,17,17
1045,5,5
1046,12,12
1047,8,8
1048,22,22
1049,19,1
1050,25,25
1051,20,20
1052,7,7
1053,12,14
1054,14,11
1055,25,25
1056,24,24
1057,5,5
1058,7,7
1059,23,23
1060,17,17
1061,5,5
1062,2,2
1063,3,2
1064,15,15
1065,12,12
1066,3,18
1067,12,12
1068,8,8
1069,14,3
1070,2,22
1071,8,8
1072,18,3
1073,25,25
1074,7,7
1075,20,20
1076,5,5
1077,18,16
1078,5,5
1079,9,12
1080,18,18
1081,10,10
1082,9,11
1083,22,22
1084,20,20
1085,3,3
1086,12,12
1087,20,11
1088,5,5
1089,2,2
1090,21,21
1091,12,12
1092,4,4
1093,18,18
1094,17,17
1095,3,23
1096,8,8
1097,24,5
1098,16,16
1099,1,1
1100,22,22
1101,25,11
1102,23,23
1103,20,20
1104,25,11
1105,13,13
1106,25,24
1107,14,14
1108,9,9
1109,13,13
1110,4,4
1111,7,7
1112,13,23
1113,9,9
1114,14,14
1115,14,4
1116,18,18
1117,11,11
1118,7,7
1119,3,3
1120,4,4
1121,14,3
1122,23,23
1123,20,20
1124,20,20
1125,21,21
1126,4,4
1127,13,13
1128,4,4
1129,18,25
1130,10,10
1131,17,17
1132,21,21
1133,16,16
1134,12,23
1135,7,7
1136,12,12
1137,14,14
1138,5,5
1139,12,4
1140,21,21
1141,11,25
1142,8,8
1143,20,20
1144,23,19
1145,5,5
1146,9,9
1147,19,19
1148,14,5
1149,22,22
1150,16,16
1151,23,23
1152,9,6
1153,3,3
1154,5,5
1155,14,24
1156,17,17
1157,4,19
1158,23,23
1159,22,22
1160,6,6
1161,23,23
1162,8,8
1163,18,18
1164,13,13
1165,4,4
1166,20,20
1167,18,18
1168,11,14
1169,17,17
1170,19,19
1171,19,19
1172,21,21
1173,16,16
1174,21,21
1175,9,9
1176,4,4
1177,22,23
1178,15,15
1179,24,24
1180,13,13
1181,18,15
1182,4,4
1183,5,5
1184,2,22
1185,20,20
1186,9,9
1187,7,23
1188,25,3
1189,16,16
1190,17,17
1191,20,20
1192,21,21
1193,3,10
1194,21,21
1195,9,9
1196,22,22
1197,4,4
1198,20,20
1199,17,17
1200,2,2
1201,23,23
1202,18,18
1203,13,13
1204,6,6
1205,5,5
1206,6,6
1207,6,6
1208,2,2
1209,13,13
1210,19,19
1211,17,17
1212,23,23
1213,25,25
1214,11,11
1215,15,15
1216,11,11
1217,7,14
1218,25,25
1219,9,9
1220,21,21
1221,11,11
1222,9,9
1223,7,7
1224,13,13
1225,7,5
1226,3,7
1227,7,7
1228,23,23
1229,16,16
1230,23,23
1231,17,17
1232,25,25
1233,9,21
1234,7,1
1235,25,16
1236,16,16
1237,9,20
1238,3,3
1239,7,7
1240,7,3
1241,17,17
1242,14,13
1243,20,20
1244,25,22
1245,11,11
1246,15,15
1247,11,11
1248,11,11
1249,5,5
1250,6,6
1251,11,11
1252,7,7
1253,1,1
1254,6,6
1255,18,14
1256,25,25
1257,22,22
1258,7,7
1259,19,19
1260,24,24
1261,14,14
1262,24,8
1263,12,12
1264,15,15
1265,22,22
1266,1,24
1267,16,20
1268,2,2
1269,20,20
1270,22,22
1271,8,2
1272,18,18
1273,15,15
1274,15,8
1275,12,12
1276,18,18
1277,2,25
1278,22,22
1279,4,4
1280,25,25
1281,18,18
1282,20,20
1283,3,11
1284,10,14
1285,8,8
1286,9,9
1287,9,16
1288,11,25
1289,3,3
1290,17,17
1291,16,10
1292,25,25
1293,10,10
1294,6,6
1295,18,18
1296,4,4
1297,18,18
1298,2,2
1299,23,23
1300,25,25
1301,18,18
1302,9,9
1303,3,14
1304,4,4
1305,15,15
1306,11,11
1307,13,13
1308,19,19
1309,20,20
1310,18,20
1311,14,2
1312,9,12
1313,25,5
1314,17,17
1315,6,6
1316,12,12
1317,12,12
1318,9,9
1319,3,3
1320,3,3
1321,6,23
1322,10,10
1323,3,10
1324,11,11
1325,2,2
1326,24,24
1327,5,5
1328,5,5
1329,4,4
1330,14,14
1331,11,11
1332,20,20
1333,25,25
1334,24,24
1335,4,19
1336,24,24
1337,9,23
1338,19,19
1339,14,14
1340,10,10
1341,2,2
1342,5,5
1343,19,19
1344,15,15
1345,7,7
1346,2,3
1347,5,5
1348,15,15
1349,10,10
1350,21,21
1351,3,15
1352,22,22
1353,3,3
1354,1,1
1355,24,24
1356,17,17
1357,25,25
1358,15,15
1359,24,24
1360,6,6
1361,16,16
1362,19,19
1363,19,19
1364,2,2
1365,4,4
1366,6,6
1367,3,5
1368,5,10
1369,4,4
1370,16,16
1371,24,24
1372,7,7
1373,14,14
1374,2,12
1375,3,3
1376,4,4
1377,18,18
1378,4,4
1379,1,1
1380,3,3
1381,23,23
1382,13,13
1383,12,12
1384,6,2
1385,2,9
1386,6,2
1387,25,25
1388,23,23
1389,4,4
1390,12,12
1391,14,14
1392,18,18
1393,17,17
1394,9,9
1395,7,7
1396,8,8
1397,18,18
1398,2,25
1399,18,16
1400,6,6
1401,9,9
1402,12,12
1403,5,5
1404,9,9
1405,3,3
1406,9,10
1407,2,6
1408,2,19
1409,1,1
1410,3,14
1411,17,17
1412,7,7
1413,4,4
1414,15,15
1415,25,3
1416,10,10
1417,3,3
1418,12,12
1419,25,25
1420,23,23
1421,15,15
1422,22,22
1423,4,2
1424,25,14
1425,17,17
1426,14,5
1427,5,5
1428,22,22
1429,8,8
1430,11,25
1431,10,10
1432,12,12
1433,6,6
1434,2,13
1435,23,23
1436,19,19
1437,12,12
1438,18,18
1439,19,19
1440,19,19
1441,5,15
1442,16,16
1443,3,3
1444,5,5
1445,3,3
1446,13,13
1447,23,23
1448,14,14
1449,25,25
1450,24,24
1451,6,6
1452,5,5
1453,16,16
1454,20,20
1455,10,15
1456,15,15
1457,22,12
1458,23,23
1459,9,9
1460,23,23
1461,5,5
1462,1,1
1463,20,20
1464,18,11
1465,4,16
1466,21,21
1467,8,8
1468,15,15
1469,15,15
1470,23,23
1471,1,1
1472,7,7
1473,13,13
1474,20,17
1475,3,3
1476,20,20
1477,16,16
1478,12,12
1479,17,17
1480,11,11
1481,3,5
1482,16,16
1483,18,18
1484,18,7
1485,14,4
1486,14,14
1487,15,15
1488,20,20
1489,8,8
1490,9,16
1491,23,23
1492,22,22
1493,21,21
1494,21,21
1495,3,21
1496,2,2
1497,24,24
1498,1,1
1499,17,17
1500,1,1
1501,11,25
1502,21,21
1503,5,5
1504,1,7
1505,6,6
1506,7,7
1507,7,7
1508,1,24
1509,10,10
1510,12,12
1511,6,6
1512,24,24
1513,13,13
1514,5,5
1515,5,5
1516,1,1
1517,3,6
1518,18,18
1519,7,7
1520,15,15
1521,8,8
1522,8,8
1523,19,19
1524,9,9
1525,16,16
1526,9,9
1527,18,18
1528,18,18
1529,3,3
1530,25,25
1531,18,11
1532,11,11
1533,18,18
1534,24,24
1535,24,24
1536,23,23
1537,1,1
1538,2,2
1539,13,2
1540,25,23
1541,11,3
1542,9,9
1543,21,21
1544,7,7
1545,17,17
1546,14,3
1547,2,13
1548,5,5
1549,8,8
1550,22,22
1551,6,6
1552,14,14
1553,8,8
1554,23,12
1555,25,25
1556,21,21
1557,10,10
1558,14,14
1559,10,10
1560,6,6
1561,1,1
1562,25,25
1563,2,2
1564,23,3
1565,19,19
1566,1,19
1567,23,23
1568,12,12
1569,24,24
1570,6,6
1571,12,12
1572,8,8
1573,6,6
1574,8,8
1575,16,16
1576,13,13
1577,2,2
1578,22,22
1579,8,8
1580,6,6
1581,20,20
1582,11,11
1583,12,12
1584,3,3
1585,6,6
1586,12,12
1587,17,17
1588,3,9
1589,10,10
1590,6,6
1591,1,1
1592,3,7
1593,12,12
1594,11,11
1595,10,10
1596,8,8
1597,11,12
1598,17,17
1599,19,19
1600,22,22
1601,21,21
1602,21,9
1603,18,16
1604,20,20
1605,2,2
1606,3,3
1607,8,8
1608,24,24
1609,20,11
1610,5,5
1611,22,22
1612,24,24
1613,15,15
1614,8,8
1615,2,2
1616,17,17
1617,13,13
1618,7,13
1619,10,10
1620,6,6
1621,25,25
1622,23,23
1623,7,7
1624,12,12
1625,18,18
1626,4,2
1627,16,16
1628,8,8
1629,7,7
1630,3,3
1631,13,13
1632,1,24
1633,12,12
1634,16,16
1635,7,7
1636,24,24
1637,25,10
1638,15,19
1639,20,20
1640,17,17
1641,18,18
1642,13,13
1643,10,10
1644,3,3
1645,11,11
1646,3,3
1647,5,5
1648,6,9
1649,25,6
1650,18,10
1651,18,16
1652,17,17
1653,4,4
1654,22,22
1655,8,8
1656,21,21
1657,3,3
1658,21,21
1659,13,13
1660,23,23
1661,2,2
1662,13,13
1663,21,21
1664,11,25
1665,4,4
1666,15,15
1667,24,24
1668,6,6
1669,14,14
1670,18,17
1671,25,25
1672,9,9
1673,11,11
1674,7,7
1675,17,17
1676,12,12
1677,1,1
1678,2,2
1679,11,25
1680,13,13
1681,25,25
1682,19,19
1683,3,3
1684,20,20
1685,4,4
1686,25,25
1687,9,9
1688,11,10
1689,25,25
1690,7,7
1691,3,3
1692,11,11
1693,19,19
1694,12,12
1695,17,17
1696,1,24
1697,20,20
1698,8,15
1699,25,15
1700,14,14
1701,12,12
1702,16,16
1703,10,10
1704,13,13
1705,22,22
1706,19,19
1707,12,12
1708,8,8
1709,10,10
1710,18,14
1711,19,23
1712,3,18
1713,17,17
1714,15,15
1715,13,13
1716,12,12
1717,8,2
1718,22,22
1719,11,11
1720,25,25
1721,10,10
1722,4,4
1723,10,10
1724,9,11
1725,8,8
1726,22,22
1727,20,11
1728,25,16
1729,8,8
1730,19,19
1731,6,6
1732,7,23
1733,6,6
1734,10,10
1735,18,18
1736,23,12
1737,3,11
1738,16,16
1739,5,5
1740,2,2
1741,8,8
1742,23,23
1743,21,21
1744,2,2
1745,17,17
1746,18,10
1747,14,5
1748,25,18
1749,2,2
1750,13,13
1751,24,24
1752,9,9
1753,23,23
1754,25,25
1755,22,22
1756,3,3
1757,23,23
1758,14,13
1759,17,17
1760,5,5
1761,12,12
1762,7,7
1763,1,1
1764,15,15
1765,9,9
1766,4,4
1767,10,10
1768,10,10
1769,23,23
1770,17,17
1771,1,1
1772,18,18
1773,2,2
1774,22,23
1775,18,18
1776,8,8
1777,14,14
1778,7,7
1779,6,6
1780,20,20
1781,1,24
1782,13,13
1783,20,20
1784,22,22
1785,3,14
1786,17,17
1787,21,21
1788,22,22
1789,25,18
1790,12,8
1791,25,3
1792,6,6
1793,19,19
1794,21,21
1795,14,10
1796,24,24
1797,19,23
1798,6,6
1799,3,3
1800,16,16
1801,19,19
1802,3,5
1803,2,3
1804,19,1
1805,24,24
1806,4,4
1807,20,11
1808,7,7
1809,1,1
1810,9,6
1811,2,2
1812,22,24
1813,12,12
1814,4,4
1815,5,5
1816,4,4
1817,1,1
1818,12,12
1819,23,23
1820,9,9
1821,1,1
1822,16,16
1823,11,14
1824,23,23
1825,15,15
1826,15,15
1827,20,20
1828,23,23
1829,22,22
1830,14,14
1831,2,7
1832,24,24
1833,14,3
1834,8,8
1835,18,18
1836,10,10
1837,4,4
1838,11,10
1839,11,11
1840,5,5
1841,3,18
1842,19,19
1843,3,3
1844,2,22
1845,9,9
1846,12,12
1847,1,17
1848,14,7
1849,19,19
1850,8,9
1851,25,25
1852,24,24
1853,4,3
1854,1,1
1855,2,2
1856,8,8
1857,11,23
1858,23,23
1859,13,13
1860,4,4
1861,6,6
1862,16,16
1863,21,21
1864,8,8
1865,21,21
1866,1,1
1867,5,5
1868,3,3
1869,15,15
1870,8,8
1871,19,19
1872,20,7
1873,9,11
1874,21,21
1875,24,24
1876,18,18
1877,14,14
1878,14,14
1879,9,2
1880,25,10
1881,3,3
1882,11,18
1883,3,14
1884,9,9
1885,9,3
1886,5,5
1887,2,2
1888,20,20
1889,21,21
1890,20,20
1891,17,17
1892,19,23
1893,1,1
1894,15,15
1895,23,23
1896,14,14
1897,4,18
1898,7,23
1899,2,2
1900,22,4
1901,21,21
1902,2,9
1903,25,25
1904,12,12
1905,18,18
1906,13,13
1907,23,23
1908,6,6
1909,18,18
1910,1,1
1911,19,19
1912,13,13
1913,15,8
1914,24,24
1915,11,5
1916,24,24
1917,3,3
1918,9,9
1919,10,10
1920,11,18
1921,8,14
1922,6,9
1923,7,2
1924,24,24
1925,19,19
1926,20,16
1927,1,1
1928,10,10
1929,25,25
1930,8,8
1931,24,24
1932,5,5
1933,17,17
1934,23,23
1935,5,5
1936,2,13
1937,6,6
1938,15,15
1939,24,24
1940,14,14
1941,1,19
1942,9,21
1943,2,2
1944,1,1
1945,1,1
1946,20,20
1947,13,13
1948,11,11
1949,14,9
1950,4,4
1951,4,4
1952,8,8
1953,23,23
1954,19,21
1955,9,19
1956,4,3
1957,18,18
1958,1,1
1959,5,15
1960,6,6
1961,20,20
1962,9,9
1963,2,19
1964,4,4
1965,5,5
1966,6,6
1967,22,22
1968,4,4
1969,2,25
1970,14,14
1971,6,6
1972,9,18
1973,22,22
1974,13,13
1975,16,16
1976,17,17
1977,20,20
1978,9,9
1979,21,21
1980,8,8
1981,2,2
1982,13,13
1983,25,25
1984,2,2
1985,15,15
1986,8,15
1987,4,4
1988,6,6
1989,3,13
1990,25,25
1991,5,18
1992,12,12
1993,11,11
1994,23,23
1995,7,4
1996,22,22
1997,3,18
1998,25,25
1999,2,2
2000,10,10
2001,13,13
2002,7,7
2003,24,24
2004,11,11
2005,2,2
2006,8,8
2007,3,13
2008,3,5
2009,11,6
2010,9,16
2011,9,9
2012,22,22
2013,13,13
2014,24,24
2015,21,21
2016,23,23
2017,18,18
2018,25,25
2019,14,14
2020,11,14
2021,6,6
2022,3,3
2023,10,10
2024,2,18
2025,11,25
2026,14,25
2027,14,14
2028,7,7
2029,9,9
2030,11,11
2031,3,25
2032,25,25
2033,11,11
2034,19,19
2035,14,18
2036,18,18
2037,17,17
2038,6,6
2039,24,24
2040,12,12
2041,7,7
2042,21,21
2043,22,22
2044,12,12
2045,9,8
2046,24,24
2047,9,8
2048,2,2
2049,4,4
2050,12,12
2051,7,16
2052,3,3
2053,25,25
2054,24,24
2055,22,22
2056,21,21
2057,24,24
2058,13,13
2059,10,10
2060,7,5
2061,14,19
2062,17,17
2063,7,25
2064,16,16
2065,19,19
2066,14,14
2067,3,16
2068,3,4
2069,11,3
2070,1,1
2071,17,24
2072,1,1
2073,11,11
2074,22,22
2075,4,4
2076,5,10
2077,21,21
2078,4,4
2079,1,24
2080,19,19
2081,1,19
2082,18,18
2083,14,14
2084,11,11
2085,25,2
2086,21,21
2087,16,16
2088,23,2
2089,12,12
2090,16,16
2091,19,19
2092,2,22
2093,24,24
2094,7,12
2095,2,2
2096,9,9
2097,21,21
2098,12,7
2099,11,16
2100,9,9
2101,10,10
2102,5,10
2103,15,15
2104,20,20
2105,13,23
2106,1,1
2107,11,11
2108,6,6
2109,1,1
2110,9,9
2111,10,10
2112,17,17
2113,20,20
2114,21,21
2115,23,23
2116,22,22
2117,16,16
2118,4,4
2119,4,4
2120,25,25
2121,3,3
2122,10,10
2123,7,7
2124,22,22
2125,10,10
2126,10,10
2127,12,19
2128,16,16
2129,6,6
2130,14,14
2131,6,6
2132,24,24
2133,20,20
2134,10,10
2135,23,22
2136,11,11
2137,11,11
2138,16,16
2139,1,1
2140,11,10
2141,16,16
2142,9,9
2143,11,11
2144,4,4
2145,1,17
2146,14,14
2147,21,21
2148,3,15
2149,17,17
2150,18,18
2151,23,23
2152,2,2
2153,20,20
2154,3,3
2155,23,23
2156,3,3
2157,22,22
2158,21,21
2159,22,22
2160,13,13
2161,9,9
2162,11,11
2163,7,7
2164,9,19
2165,19,19
2166,11,11
2167,24,24
2168,4,4
2169,25,25
2170,23,23
2171,14,14
2172,22,22
2173,14,14
2174,5,5
2175,1,1
2176,25,25
2177,24,24
2178,19,19
2179,24,24
2180,8,8
2181,6,6
2182,3,3
2183,25,1
2184,14,14
2185,6,19
2186,3,7
2187,9,9
2188,7,7
2189,14,14
2190,4,4
2191,9,9
2192,23,23
2193,14,14
2194,2,2
2195,6,6
2196,16,16
2197,15,1
2198,11,11
2199,13,13
2200,20,20
2201,18,18
2202,2,22
2203,6,6
2204,14,14
2205,16,16
2206,23,23
2207,10,10
2208,17,17
2209,7,7
2210,4,4
2211,5,5
2212,14,14
2213,16,16
2214,6,6
2215,1,19
2216,5,5
2217,1,1
2218,13,13
2219,8,8
2220,10,14
2221,18,14
2222,3,3
2223,24,24
2224,15,15
2225,12,12
2226,23,23
2227,20,20
2228,1,19
2229,2,2
2230,7,7
2231,20,20
2232,17,17
2233,13,13
2234,14,14
2235,2,2
2236,19,19
2237,12,12
2238,25,18
2239,2,2
2240,4,4
2241,17,17
2242,18,14
2243,25,25
2244,9,9
2245,4,4
2246,19,19
2247,8,8
2248,19,19
2249,20,20
2250,2,2
2251,13,13
2252,12,12
2253,22,22
2254,1,1
2255,10,10
2256,25,18
2257,18,18
2258,24,24
